url_path,views_total,views_unique
/L2S-lab/robomaster_ros2,9,5
/L2S-lab/robomaster_ros2/tree/dev,5,1
/L2S-lab/robomaster_ros2/tree/main/robomaster_ros2,4,2
/L2S-lab/robomaster_ros2/tree/dev/robomaster_ros2/robomaster_ros2,2,1
/L2S-lab/robomaster_ros2/actions,1,1
/L2S-lab/robomaster_ros2/activity,1,1
/L2S-lab/robomaster_ros2/blob/dev/robomaster_ros2/robomaster_ros2/modules/drone.py,1,1
/L2S-lab/robomaster_ros2/blob/dev/robomaster_ros2/robomaster_ros2/modules/util.py,1,1
/L2S-lab/robomaster_ros2/blob/dev/robomaster_ros2/robomaster_ros2/robomaster_server.py,1,1
/L2S-lab/robomaster_ros2/blob/main/robomaster_ros2/package.xml,1,1
